"","x","z","y"
"1",0,-0.427321815452828,-7.92320815196925
"2",0,0.221881279827462,-2.24898224083909
"3",0,-0.4431725186816,-0.898348103144036
"4",0,-1.32626984707889,-2.63489730663976
"5",0,-0.586814298916103,3.13189051133556
"6",0,-0.896471821757804,4.65874628965804
"7",0,-0.601281852039225,3.24073772057555
"8",0,1.11879763448449,-0.530765085117253
"9",0,-0.610141399657537,4.82391464950189
"10",0,-0.229277307187783,-3.1282398411584
"11",0,1.78839778075253,-3.99190020485447
"12",0,0.51020572887467,-6.26708359189974
"13",0,0.562295326056749,0.114103062083218
"14",0,1.69588104728882,-1.45489135907953
"15",0,-1.59022968296525,-1.3299351076067
"16",0,-1.02212248103751,6.06931461170207
"17",0,-0.359106554232531,-6.59433454406808
"18",0,1.23826451554619,-5.03252298368853
"19",0,1.16242803640348,-4.99374349140878
"20",0,1.96148531268327,-2.48547037015117
"21",0,1.65460976096009,-2.135335726278
"22",0,-0.380048780465917,4.91635052962015
"23",0,0.307450948779756,-1.26218255807148
"24",0,1.49568400701693,2.28882746756123
"25",0,1.82014965695745,2.39218206932406
"26",0,-1.39366357027658,4.15709287288016
"27",0,0.520314211632706,1.50981866110215
"28",0,0.26182614436081,-2.95444403643892
"29",0,0.736254937530181,2.03178460193989
"30",0,-0.0363948562564575,0.453504961463229
"31",0,-0.51349412181881,-4.78786833634808
"32",0,-0.993739448610049,2.44591565403622
"33",0,-0.11040761504256,1.46141461459836
"34",0,0.0640234359267486,-0.474317057551988
"35",0,0.146429146851242,1.33662360165973
"36",0,1.78296745809339,0.545581821746255
"37",0,0.0866987054451377,-4.24633223011065
"38",0,-0.675434141862566,-1.78988660270178
"39",0,-0.0524403024891357,4.02954337218543
"40",0,-0.929349543813639,-5.14963326721522
"41",0,0.367908513898219,5.33258739577066
"42",0,0.305552749373496,2.06990985178819
"43",0,0.466270262600041,5.28052150788352
"44",0,-0.190353835868088,5.04083104472783
"45",0,1.23428480863965,11.5396731127604
"46",0,0.848994776977654,-0.743508839840836
"47",0,0.186058312667622,-3.90832302889117
"48",0,-1.28179078475975,5.74246258362212
"49",0,-0.425250873096421,2.78737015529143
"50",0,-1.67353174578901,4.10338335767219
"51",0,0.282939103793131,3.93522273234554
"52",0,-0.401781350472022,0.585904682600835
"53",0,1.68154561264763,0.427939755959655
"54",0,1.06786478511712,4.26498661655563
"55",0,-0.489438869713565,7.24549173946177
"56",0,-0.293938175271023,5.37316785349132
"57",0,1.66228974565818,-6.68057884220692
"58",0,-0.800974761559331,-2.43521072720603
"59",0,-1.90267623651148,-2.89745398458761
"60",0,0.229174111121311,4.91461359002578
"61",0,-0.360757999642712,-4.67713015865522
"62",0,1.78217966727755,9.92858103622537
"63",0,1.45609311711575,-2.40079438004827
"64",0,-0.605346580553276,-3.84807205592082
"65",0,-2.22089469949864,-1.45430586494475
"66",0,-0.648825970719423,3.26073783541919
"67",0,-0.485355663953817,0.67457164529263
"68",0,1.56868748102668,-1.08799042986582
"69",0,0.24925386501489,-2.76953549570721
"70",0,0.54866549902248,0.986825071185005
"71",0,1.17652524183965,-3.21836319092515
"72",0,-0.262934824518539,-6.08773347689283
"73",0,-0.297859471902059,6.82889207582096
"74",0,-0.1567220623255,1.48099833023767
"75",0,-1.03976611417568,-2.83360994576328
"76",0,-0.194974416718022,4.35628887235616
"77",0,0.696571130611104,-5.88368753912465
"78",0,1.781311552305,4.90569631292405
"79",0,1.4711865212822,4.2268748518635
"80",0,0.499182460100704,6.13206982041097
"81",0,1.08817016437846,2.34960287946012
"82",0,1.00237466259878,0.349316716595754
"83",0,1.58095184452777,-1.96673773370543
"84",0,0.96555749085945,-1.03040952960494
"85",0,0.170491564813757,5.01134784938217
"86",0,0.369852572350282,2.94331237200173
"87",0,-1.42099793830068,-3.47413602349681
"88",0,0.161138538882685,2.69669646584486
"89",0,0.294811479784061,3.37293915320694
"90",0,0.549790586368483,0.653141737784847
"91",0,0.241409550485324,-2.95742291823022
"92",0,-0.978636132978685,-3.68545294386193
"93",0,0.716965035223357,-1.61465048923857
"94",0,0.560437802280905,5.26958114534315
"95",0,0.589172428176481,1.79568197762758
"96",0,-0.431271685554617,-5.39158974280089
"97",0,0.436471639193455,-0.843028591380905
"98",0,1.76783866612539,-2.67072766735794
"99",0,-0.500984986537753,7.35732661793046
"100",0,0.0779490103866023,-3.13546809785598
"101",0,-0.421501243703361,-2.81990960148845
"102",0,-1.09638195900474,-1.95440742933985
"103",0,-0.0562476392801055,1.86005995754648
"104",0,0.442013161402804,-3.68099789036986
"105",0,1.035094910532,-0.395827376294151
"106",0,-1.62825124454432,-0.0996896140102109
"107",0,-2.63251252782973,8.43480124973054
"108",0,-1.54050746450707,4.69080872220844
"109",0,-1.30457516039787,-3.77727164606922
"110",0,-0.490330586827726,4.79903066032004
"111",0,0.313128571898656,-1.77764167740048
"112",0,-0.18508933814507,-3.97002421902625
"113",0,0.361239167652413,-0.298830597663105
"114",0,0.932773831880625,-1.14205118935156
"115",0,-0.191226640282051,0.531943794207788
"116",0,0.907778363739188,-2.31991290180427
"117",0,0.134275578743919,-2.05464382387803
"118",0,-1.6600113853045,0.486521720435109
"119",0,-0.319228457574431,0.212358428756729
"120",0,0.193597265363723,1.0814941633118
"121",0,-0.141990932438481,-6.49785696753177
"122",0,0.570922364259103,1.69247767254082
"123",0,-2.02526884895773,2.57302115494364
"124",0,-0.105122564998046,-3.12687371765619
"125",0,0.371134105368126,-5.70907124539216
"126",0,-0.489193349432167,2.2529063341671
"127",0,1.1648908026504,-1.59984890449929
"128",0,-0.345507254053723,3.54008544641354
"129",0,-0.617185771843733,0.381686843081891
"130",0,1.09674339361741,-2.32564149602091
"131",0,-0.431424736680462,-1.95554963822834
"132",0,1.07664283489223,6.87107237130751
"133",0,-0.855938901720629,1.70012588541786
"134",0,-0.20864146089445,-5.8120503100134
"135",0,-0.443660892144397,-1.94307731135628
"136",0,0.898409065078643,7.56962316958159
"137",0,0.829485227509516,3.37970033936391
"138",0,0.377520948586221,0.00163473486821957
"139",0,-2.39023209418824,-5.55270511958683
"140",0,1.05464375707047,-1.14952741317136
"141",0,-1.27073449599856,0.862494071863524
"142",0,-0.0349633982586836,-2.74420647238593
"143",0,-0.970996637457792,3.43505946333978
"144",0,0.774344088042973,-5.79591284510265
"145",0,1.27486495790595,-2.143045168427
"146",0,-0.0160366224454245,3.20909432617155
"147",0,-0.176705539561642,-0.86082128909791
"148",0,1.28434508994804,-3.28443735464556
"149",0,-1.41365356936667,-0.730228774081158
"150",0,-1.28256971547128,5.69213534926813
"151",0,0.772443245043909,-2.39753482463313
"152",0,-0.739857701254011,-5.37019178731321
"153",0,-0.948531690515907,1.80087767334746
"154",0,-0.690145329874816,-10.5689525028451
"155",0,-1.80753705355621,-0.163637607231464
"156",0,0.382435294202613,-1.65866710297692
"157",0,0.253325824962607,-0.0988618087246802
"158",0,-0.650337421741456,0.34459768992843
"159",0,0.232373849493622,8.52813711628645
"160",0,0.0591959393022157,3.28266723057589
"161",0,0.701389755745918,-3.33627031353477
"162",0,1.51398515038874,-2.46046386295025
"163",0,1.75321163788473,-1.58038428202928
"164",0,-1.17391775120786,-3.8628103595265
"165",0,0.259767533967319,-2.58090754477397
"166",0,-0.558979192883728,11.378025632691
"167",0,0.353523089630149,5.68341419885571
"168",0,0.572036180089236,-4.92545197306852
"169",0,-0.685294097776569,11.8265307527582
"170",0,0.139761216015831,-1.84630511443877
"171",0,0.204525016134897,-0.0818401480572943
"172",0,1.79291209552452,-2.16228867095893
"173",0,-0.826090727556355,-4.33333668630272
"174",0,0.0143236197852999,6.56945032781047
"175",0,-0.170922895561219,5.62902907092713
"176",0,-0.943702335377385,5.40381194652832
"177",0,-0.503326491616698,-0.316903068086546
"178",0,0.843220859550055,0.222010604014417
"179",0,-2.14987715480587,-0.449911305990346
"180",0,0.427070692302013,0.575863125970477
"181",0,-2.17315237431374,-1.60631060541465
"182",0,0.173654355675364,-3.73938304221336
"183",0,-0.133281088986709,-1.26467723585419
"184",0,-0.414035154415383,2.9434630903417
"185",0,-0.163901241159408,8.04417537301812
"186",0,1.19622390196485,-0.927878204150035
"187",0,-0.494491288281327,-2.03588290983853
"188",0,-1.56323437009766,-7.74273797723831
"189",0,0.281974532493034,-10.4093067372992
"190",0,-1.64824922294797,0.0675503082001944
"191",0,-0.578843970255542,2.01745770599962
"192",0,0.650874688034735,-4.20079439795819
"193",0,-0.508471950892662,0.117299007921445
"194",0,0.384848906042543,5.48277443370564
"195",0,1.51201378431251,1.58435550465745
"196",0,-0.0778062464453721,6.90147150929113
"197",0,-1.46389818032929,-2.33315521284524
"198",0,0.119595198865062,2.29177121468995
"199",0,-2.08055926708502,0.105684274938689
"200",0,0.36534739967649,-2.03340799218595
"201",0,-0.0152789068834627,5.16150261285012
"202",0,-0.124760994653341,-5.8763223848621
"203",0,1.32194074913671,-5.12567300816073
"204",0,0.0830650828244805,-0.626789540342831
"205",0,-1.09202194274121,5.59354398018903
"206",0,0.108683925907015,-1.03424400256085
"207",0,0.589931134198561,9.83090164037593
"208",0,0.74651930410769,5.59073194092843
"209",0,-0.115226343918397,-6.83899078905453
"210",0,0.0905325130300829,-7.98054021101372
"211",0,2.09458699765197,5.45933966159311
"212",0,-0.48609718018966,-6.72069817011914
"213",0,0.888169285542926,4.53437654058626
"214",0,0.791639995958178,-1.20413221785384
"215",0,0.0818936488485018,2.79953507400745
"216",0,0.111877169542474,4.45119212495911
"217",0,-0.274613553998795,-5.43919332798897
"218",0,0.203652982088693,2.78519032387823
"219",0,-0.33044348941611,8.98285476321962
"220",0,-0.143600217292111,-0.375769671923675
"221",0,1.01494724435225,0.716115117284361
"222",0,-0.682181778732521,-4.4650706145962
"223",0,-0.669312183625733,3.09549773714657
"224",0,-1.32748283504525,2.68568923096235
"225",0,-2.74732965270637,3.34402350178098
"226",0,0.787365445772514,1.15913213409603
"227",0,0.0177652960703015,1.40907441002761
"228",0,0.758874887412703,-2.36481048166867
"229",0,-0.223278074550518,-4.16488207483572
"230",0,-0.176505882888334,-4.51866755148617
"231",0,0.550307216343434,-3.02886311227662
"232",0,0.516191642752772,-3.58600072888632
"233",0,-1.27163863737301,-7.11310283006796
"234",0,-1.45513959148946,9.0643349916217
"235",0,-0.944252321848371,-4.05028750641579
"236",0,-0.264547461824396,5.9415850895397
"237",0,0.82770658399492,-2.83845678100756
"238",0,0.967705482553078,-5.52787473717055
"239",0,-0.745696637830927,2.83424037675882
"240",0,1.65799373197797,3.98785557952729
"241",0,-0.701625461981698,-3.67963631648879
"242",0,0.230229946913688,7.93255996360632
"243",0,-0.455865410518839,-7.87522089955064
"244",0,1.24894385085625,-5.49977141040486
"245",0,-0.306145862924639,2.73672194218279
"246",0,-0.713238765938068,-9.63703696131166
"247",0,-1.19019505966635,-4.62237961491393
"248",0,-0.46099759087316,6.3598128783363
"249",0,0.106602074883475,-0.945720643798709
"250",0,-1.10015077486458,0.728594560526084
"251",0,-0.130251183633198,3.05522986942852
"252",0,-0.642314034668573,-6.64088663082293
"253",0,-0.798067920056354,-5.76389647903655
"254",0,-0.244650639969421,1.87521167439184
"255",0,2.0045199938852,1.03961983751185
"256",0,0.191940811460267,7.49527703000222
"257",0,-1.06903388161871,3.92554769489055
"258",0,0.343581369706511,4.11244464776255
"259",0,-0.783398839949417,-0.143515431554647
"260",0,1.35110440428218,-4.29671694162624
"261",0,-1.10911132039529,-0.369048169879022
"262",0,-0.0218379940070965,-0.484520779662264
"263",0,1.1007715276174,-4.33796925845171
"264",0,0.99040497988984,6.45186044499004
"265",0,-1.0585418424622,-2.00849277217075
"266",0,0.518834340731113,-3.66161162622131
"267",0,-0.62906504411248,-7.84196626568202
"268",0,-0.940102982983605,9.20821437639731
"269",0,0.123020397272035,2.8557857064447
"270",0,1.16266953711088,1.56490765428354
"271",0,0.640763916129331,1.96059260747911
"272",0,-0.366749558908472,-3.46618172201226
"273",0,1.1958383254785,-8.5026680971056
"274",0,-0.661974279735002,-7.61677622130589
"275",0,-0.940668503424786,3.68672030995644
"276",0,1.15723625942166,0.956396776315081
"277",0,-0.1066525502117,8.90213102141708
"278",0,-0.994239075498653,4.16585145859177
"279",0,0.750062843804772,-1.01494261100203
"280",0,-0.256283816615736,1.96367992539109
"281",0,-0.244961756980809,-6.55019046342616
"282",0,-1.20599539069902,-1.45296972877424
"283",0,-0.442616523466138,-4.39490200314322
"284",0,0.790385361093182,2.77889972000379
"285",0,1.25633505555803,-0.815789110506616
"286",0,0.606238472692496,0.681665947599552
"287",0,-0.121083188130813,2.72138206103628
"288",0,-1.17024131682352,2.19863136640031
"289",0,0.431855114471201,-13.7525495606255
"290",0,0.514852715124359,-0.242762641552924
"291",0,0.480965178530673,1.20202658325086
"292",0,-0.44771096815511,-3.55988726592205
"293",0,-0.96555674964515,-7.13769507427206
"294",0,-0.0436578476374317,-4.46569578253764
"295",0,-0.547519901093224,-2.72774059798417
"296",0,-0.444294629887562,8.7411278028624
"297",0,-0.100472407057652,-0.313243227516894
"298",0,-1.53112644072694,-8.91366965063653
"299",0,-0.220213142613072,-3.00210087838494
"300",0,0.715659529203117,5.20081986177625
"301",0,-0.377545583855435,-6.4764818261499
"302",0,0.275926682996415,5.18032929781301
"303",0,-0.705276464453765,-1.51230972776683
"304",0,-0.0814643974051686,1.85603961220138
"305",0,1.08921803414337,4.20358931231572
"306",0,0.54906898254717,-1.64207354911275
"307",0,1.98516396554082,-6.93607360741018
"308",0,0.803651954397991,-0.996644627024028
"309",0,-1.44605843240768,1.76697091275087
"310",0,-1.45324062759781,1.12855787674225
"311",0,-1.36573341742455,-0.190922538018095
"312",0,0.468117652325182,0.290354523805549
"313",0,0.832103680780823,-8.22346581164989
"314",0,-0.769899874925299,0.789708290157284
"315",0,0.302271076475529,6.95576903952284
"316",0,0.37283417220576,13.1463401265349
"317",0,0.450835777786819,-2.97095753577071
"318",0,-1.59423116031396,0.0986331560152976
"319",0,-0.561885598285692,2.25118267649289
"320",0,-0.0222383713083187,-4.81619972072863
"321",0,0.619704188258495,-1.9166561757647
"322",0,1.21248103129576,-0.778743516495145
"323",0,-0.167037679618629,8.25933402035088
"324",0,-1.10573603242194,-1.4112576340869
"325",0,0.10572325708035,-0.597033950553257
"326",0,-0.553789121287219,1.92785011202312
"327",0,-0.159871229340498,0.773359444485666
"328",0,0.172804545501622,-9.65778225566446
"329",0,-0.885812422473499,-7.08719505321175
"330",0,-0.514185694521034,2.5069901771946
"331",0,0.377631235666625,-2.97527196049317
"332",0,0.370375484378623,0.900477515132551
"333",0,0.267163468892957,-1.04895722937994
"334",0,-0.551246979526235,2.22542611371999
"335",0,-0.311257914876751,-3.91481759078856
"336",0,0.866167166128197,-4.51270649121937
"337",0,0.37568365574112,-3.05960678869593
"338",0,0.779312272995256,4.29856391895647
"339",0,0.310038970109542,-0.335872626073516
"340",0,-1.30293766981206,-1.3210580414477
"341",0,-0.799212358725071,0.889713612051797
"342",0,1.55969939592837,-7.61113805888283
"343",0,-0.438231121241346,1.50761838123919
"344",0,0.86417536820957,4.1253055191699
"345",0,0.541148999442105,-2.57281380812105
"346",0,1.70044800244427,0.873193049791541
"347",0,-0.617939142057331,4.44569737442242
"348",0,0.576821955431553,8.99081934592041
"349",0,-0.0759783231699639,2.90796070843987
"350",0,1.15240746163166,0.65057302762748
"351",0,0.403426320909821,1.15476495420537
"352",0,0.0195948600011228,-2.45605449687098
"353",0,-0.0374677519186367,6.8161966177963
"354",0,0.385488194854542,4.84005759662991
"355",0,-1.30732637755358,-1.73299794626626
"356",0,-1.0354524461747,6.19738997724105
"357",0,0.821240301778366,2.14300938341232
"358",0,0.530598884099589,3.90582947434444
"359",0,0.0340774164325315,-0.837417964296606
"360",0,0.0977328302456656,8.27280366061513
"361",0,-0.247736799486282,-5.86302491424907
"362",0,0.426985304041463,-0.957787939706152
"363",0,0.509460924047729,-4.36759548292322
"364",0,-1.157814095443,1.88599260336934
"365",0,0.909758591855783,-1.91459649279937
"366",0,-0.601213443672072,-1.52015013395818
"367",0,0.776134368022688,3.7038436217992
"368",0,2.04027330931757,1.00055089548595
"369",0,0.760165023100398,-0.512155973185119
"370",0,-0.393243988039617,2.89880616190105
"371",0,-0.145802179188169,1.14355748681493
"372",0,-0.270245139079169,-2.56508015419039
"373",0,0.708505312745546,-4.06983898665722
"374",0,-0.857198317597884,-6.19638368585367
"375",0,0.0845280678858096,-0.973207786364056
"376",0,-0.842000594513994,-4.40477167294266
"377",0,0.461964065109088,0.435067449244651
"378",0,3.19517633599058,0.856561443487206
"379",0,-0.00774762155750208,-2.36505527024103
"380",0,0.945516648241977,5.2753816963497
"381",0,-0.821336030139278,-0.113881541041292
"382",0,0.665632222261457,-5.96669601821277
"383",0,-0.441294478265904,-5.95714805845861
"384",0,-0.668966240196152,1.92698543412828
"385",0,-0.127771273500124,-4.34314312191922
"386",0,0.434254000815396,1.74382926699341
"387",0,1.10394875852787,6.32130038798945
"388",0,-0.70165191092917,-2.31652092797287
"389",0,-0.934053621372699,-0.517844189618592
"390",0,-0.273001851055657,2.02762954510441
"391",0,0.566327252332486,-10.4053009508519
"392",0,0.591914389473508,-4.21562427510133
"393",0,-0.0966785806524495,-3.24528923929664
"394",0,0.503077367971167,3.88613342250969
"395",0,-0.267216103194832,-0.660245475165194
"396",0,-1.27875698433369,3.08101311621208
"397",0,1.51501846706445,-4.34683007492317
"398",0,-0.0792202395815874,1.47548299583309
"399",0,-0.0594776541235933,-2.99115993015056
"400",0,-0.784028962780478,-4.61858646315148
"401",0,2.57529819258771,-5.57382974221087
"402",0,0.1589212551643,4.28887073501281
"403",0,0.365428805975715,-11.3162500394399
"404",0,-0.362632862239724,-0.123563397443938
"405",0,-0.108416449583495,0.113058407890799
"406",0,0.699196906715934,-2.16695213549009
"407",0,1.17417828975936,-0.11186347683679
"408",0,1.50397453252865,-2.26198036176206
"409",0,2.12779531031073,-1.13902668542198
"410",0,-0.60633259039667,-1.08341654754564
"411",0,-1.33636077221623,7.825970974457
"412",0,2.50348741839818,-0.231133539937261
"413",0,-0.28979579069156,-0.398143504828599
"414",0,2.23656930189866,5.19946656448514
"415",0,0.665172613347998,-1.37119220253947
"416",0,0.0775193582025284,-0.0348413999272269
"417",0,0.359917378067691,-10.9737637221007
"418",0,0.146113103818777,-0.483097585909145
"419",0,0.406791090151974,7.65897547841234
"420",0,0.544354433798148,-1.21160498632819
"421",0,0.303322186193086,5.42858835312843
"422",0,1.14680258034201,-3.16840612529473
"423",0,0.422694304894426,5.07063691569742
"424",0,1.29790633228851,2.54855489498663
"425",0,0.770127555475203,-2.29708755077347
"426",0,0.110752263783829,2.9126947124392
"427",0,0.0844989922484713,3.8640710792099
"428",0,-0.21015337937588,2.43973160862677
"429",0,0.418967207865083,1.97856665002315
"430",0,0.0703071518420492,-4.72291598763332
"431",0,-0.774853275615443,3.77577849396645
"432",0,-0.820425703171929,-6.0896598809655
"433",0,-0.597254537128845,-1.57269028838665
"434",0,-1.40959008316872,-4.40710260183394
"435",0,-1.25572987857762,-9.20868130036521
"436",0,1.59590818700412,5.03482391091635
"437",0,0.648465022797673,-3.82413378119917
"438",0,-0.210651882958249,-2.24068113142445
"439",0,0.322068291935336,2.82398989330002
"440",0,0.780254569253387,-1.22888261170293
"441",0,0.617602425413737,-6.45583427214109
"442",0,-0.725927200736943,-0.670249934897687
"443",0,-0.324674682859489,-3.23440442370448
"444",0,-0.247147362710793,3.56125295288424
"445",0,-0.057208254309853,-2.57363507574712
"446",0,0.757343267420566,4.98466488100146
"447",0,0.147034712435519,6.44791325906006
"448",0,-0.0748665634507728,-4.4498765722737
"449",0,1.21218089836389,-5.01579420883112
"450",0,-0.356224333335729,0.834043774611293
"451",0,0.352248077609771,2.02398584241281
"452",0,1.73595577962793,-4.98206553082583
"453",0,-0.525526843602422,-6.67540207305569
"454",0,-1.69684482933469,-3.56175223372023
"455",0,0.733831100588259,-1.37547307077918
"456",0,1.25513749360782,5.70311913296525
"457",0,0.959613932452473,-5.41337232748497
"458",0,-0.174524871385636,-3.98666725423678
"459",0,-0.443607872120816,0.892959213176292
"460",0,-1.17366877692109,4.52546216498728
"461",0,0.268789505945804,-0.327575999550245
"462",0,0.0694750532137551,-0.774358011471753
"463",0,-0.758917787453311,9.44618744103795
"464",0,-0.0740854403933707,-5.05513795833977
"465",0,-2.24300320195447,-4.82674465815908
"466",0,-0.0222501219091575,3.18939354879852
"467",0,-0.454466970962961,0.929792104347752
"468",0,-1.06717096343108,0.575420514315827
"469",0,-0.611845194633774,-8.8215176948968
"470",0,1.20321406659137,1.67989607106544
"471",0,0.759533017681137,2.73009440375625
"472",0,-0.47403139018795,-1.09362440763113
"473",0,0.599898763272146,2.1519278520159
"474",0,-0.76517569035166,2.04670866163982
"475",0,-1.17341923878964,-2.57901152778219
"476",0,0.635696274104684,-4.7155659517852
"477",0,1.32183233062509,-6.70052930509087
"478",0,0.153988261398189,6.93921961018135
"479",0,-0.0721994372030314,-5.60576436414909
"480",0,0.599959118706094,4.77088086297742
"481",0,1.35100078278215,5.34311849932943
"482",0,-1.06847897259031,4.52325409721478
"483",0,-0.403645542291873,-3.99611614264272
"484",0,-1.32310302991361,1.77540661711782
"485",0,0.312276035027152,-2.94075165942973
"486",0,0.558246239078419,8.42037277327831
"487",0,-1.06963372906887,-1.20503392331094
"488",0,-0.950837087525553,4.85350844686139
"489",0,0.344879606676096,5.46695749803476
"490",0,-0.256994310695906,-3.29606235237839
"491",0,-0.471950860018706,-2.52143391348426
"492",0,-0.165294909232866,-4.09885815849582
"493",0,-0.658713334312346,4.54612035186312
"494",0,-0.13596548562917,4.50974773194045
"495",0,-0.766384260523388,-6.21162452141382
"496",0,-2.09230263568147,-7.8505255821823
"497",0,0.811953447073236,-3.13397828105699
"498",0,-0.669800464761235,1.46642719545759
"499",0,-0.474445431657091,0.195169708180776
"500",0,2.18109165936302,-5.52604329117159
"501",1,-1.02039398213942,-10.4374106843255
"502",1,0.722694356002771,-0.64998146760208
"503",1,0.331321178375059,2.88669126765458
"504",1,-1.10545486903957,1.79412313529349
"505",1,-1.40604294441708,-6.85439650972604
"506",1,-0.0932171067140447,-0.555660785168696
"507",1,0.171249273428768,2.39692633625128
"508",1,-0.237936320354706,-0.808786398239822
"509",1,-0.770249274085137,-7.38281162555622
"510",1,0.115733433261216,-6.37065559756879
"511",1,0.422635957227351,-8.02370037205595
"512",1,1.03896360348909,-1.95018538491386
"513",1,0.00911744939035774,1.82663189578839
"514",1,0.0961567439795604,1.79077402015087
"515",1,-0.90416022506588,8.37947692302463
"516",1,0.86139239698544,-2.92896890707449
"517",1,1.54292465630437,7.67961603590943
"518",1,-0.818298123737872,10.1212231074938
"519",1,1.95063704919058,7.80679513903367
"520",1,-0.1578526646428,-8.5505319511571
"521",1,-0.00531993962637225,1.90649530271363
"522",1,-1.37156008853313,4.46362536445717
"523",1,0.736578762279838,-1.48179008621119
"524",1,-1.82584124730046,2.08202003308032
"525",1,-1.27214775555938,2.54249827090195
"526",1,0.00497158365914277,-1.60406113330935
"527",1,-0.425396522262093,0.136042327809556
"528",1,0.296090412927953,4.99602454826361
"529",1,0.460283112737559,-11.639793185299
"530",1,-1.9792896758458,1.19196540333525
"531",1,0.431855613098638,-5.05313321914089
"532",1,0.618633453330584,3.95419674779435
"533",1,-0.374778340818146,-2.62571612310632
"534",1,-0.230043443792608,-2.87360346833202
"535",1,0.0285758154185023,-2.79731973679357
"536",1,-1.18913374736239,8.12104440321983
"537",1,-0.473311751494488,-6.47175804861239
"538",1,-1.21930765182175,-5.134305344614
"539",1,-0.109602520598862,5.98846433052771
"540",1,0.915209345187571,6.3317117831261
"541",1,0.908406815406726,6.15378220667899
"542",1,1.11731494890029,-3.58698492923782
"543",1,-0.521212135040232,-5.32228737480284
"544",1,-0.931064301183529,-0.786655879664827
"545",1,0.575828084905927,-1.47049826522492
"546",1,0.384578630475622,1.63201294986476
"547",1,-0.217843728073004,-3.23232911614834
"548",1,0.00656491176267752,-9.69212762090628
"549",1,-0.911476817764902,-3.80375649370706
"550",1,-1.87582181662617,-6.3862224752344
"551",1,-0.537019778117687,5.29635387655847
"552",1,-0.985182046113755,1.66394948962607
"553",1,0.0547803743363165,3.59314440424378
"554",1,0.185437947869675,1.37667224180998
"555",1,-0.0509385005995133,-1.97122049314678
"556",1,0.209443963903246,-1.4921510336377
"557",1,0.448421644107548,6.67531235203166
"558",1,1.19047556821427,6.28737337356046
"559",1,-0.143796992221507,5.02966646733968
"560",1,1.19970070768509,2.18392152323502
"561",1,-0.338979968367457,-7.67564160744591
"562",1,0.618425775741962,-3.02059691332486
"563",1,-1.59051454547808,6.06260644270734
"564",1,-0.155645059319887,-1.54477026434313
"565",1,0.778213415160078,3.65064372596583
"566",1,-1.48279747336882,3.56432742360246
"567",1,1.00947911821532,-1.74384949636427
"568",1,-0.827886436391814,-5.28781014651836
"569",1,1.94914131322721,2.64870083073512
"570",1,2.98856491725684,18.6671941445909
"571",1,1.33805264564957,-2.66916506165493
"572",1,-0.191687812747264,-6.90204344431077
"573",1,1.6967577858824,9.61591682327075
"574",1,-0.888674985683648,4.11677437974267
"575",1,0.583128858902844,-6.31964114862853
"576",1,0.260618458530283,-8.4852855014059
"577",1,-0.291007905397756,-1.05737478149475
"578",1,-1.01739527534086,-1.19247418607529
"579",1,-0.47622839602542,-1.53682379094402
"580",1,-0.116811594362464,-1.15487716374748
"581",1,-1.33804621330842,5.56817131945993
"582",1,0.179554037649813,8.77999576291443
"583",1,-0.0629923549162754,-7.59906358526251
"584",1,0.347967563462174,4.12544497457667
"585",1,-0.145140768738534,2.67553245681174
"586",1,1.3449675336446,3.92983699257331
"587",1,0.735429984463343,2.89874751796902
"588",1,-0.0149162490463168,5.11209637505828
"589",1,-0.498888055996355,4.99922575667451
"590",1,-1.01964473667508,-4.49647905070941
"591",1,0.190982604139728,4.59582993367052
"592",1,-1.62899945940136,-5.26895107525757
"593",1,-0.170017329463427,-1.62200235258008
"594",1,0.0559276925819141,3.70526044744737
"595",1,-0.640453992427686,3.05396931196145
"596",1,2.01868043921656,1.17689494996275
"597",1,0.545051361159673,-2.01401105048154
"598",1,0.537249585328375,0.352849042824553
"599",1,1.225129740125,-3.96314144806309
"600",1,-0.6524533807352,4.65508052995532
"601",1,-0.0825499017370799,3.04902437366933
"602",1,-1.1356089293229,0.278098219373881
"603",1,0.97152420142202,6.06712646109515
"604",1,-0.404874513265368,-1.27330604828299
"605",1,0.139276061602087,0.998334509773714
"606",1,-0.746659277797906,-8.58124488208787
"607",1,0.511209694318048,-7.08564590435334
"608",1,-0.229985320713025,8.14105913282207
"609",1,-0.85188010758989,-1.75421830082036
"610",1,-1.61316717428373,11.2435528617955
"611",1,0.970869397090695,-1.73571184881936
"612",1,-1.2493219983432,-5.15165242770195
"613",1,-0.272200485457639,2.60733195059132
"614",1,-0.08543219582704,0.980230719089678
"615",1,0.302952280443714,-4.30459823568075
"616",1,-1.71223573327249,1.18950592634882
"617",1,-1.22812273082658,0.0433449608271466
"618",1,0.50677620913074,8.15559877290454
"619",1,-0.487661582201241,-3.24539936563458
"620",1,1.19604117435252,-2.13492543687337
"621",1,1.43376993859788,4.22662958426093
"622",1,0.590084896121374,-1.61771606432853
"623",1,-0.105440651724098,-3.26897478166487
"624",1,-2.20696491028302,2.03304131243751
"625",1,0.293883771115598,-5.75079696654118
"626",1,0.985779039133589,-0.172034473405312
"627",1,-0.204857194798719,-0.805023371210483
"628",1,-1.40453716702251,0.227519255945325
"629",1,-1.39508140367321,-6.45945063464604
"630",1,-0.903993623777207,9.52433087885708
"631",1,0.466042796437587,-0.110771274460376
"632",1,-0.297269597449949,-5.28856721003796
"633",1,-0.236014431069869,-0.381211456099909
"634",1,1.2100864398117,-2.56735329702157
"635",1,-0.548125237458092,3.46400545331312
"636",1,-1.34195253379929,-1.76749441224729
"637",1,-0.872877312677567,-0.806034329531989
"638",1,-1.40918962033627,-3.66672382606068
"639",1,0.0914324096601373,8.67646205488489
"640",1,1.8985543977454,1.47587642638753
"641",1,-1.02609429011269,-2.7169357867539
"642",1,0.268814368624843,7.65939793111299
"643",1,-0.658226863444634,-2.48015354673515
"644",1,-0.144811365381656,0.651324706282253
"645",1,-2.20601916381718,6.55905211827062
"646",1,1.43294799241711,1.65842683937483
"647",1,1.1749784958804,-2.41324939147401
"648",1,-0.605381082990119,-1.12599839939333
"649",1,-1.23059081069818,-4.57730670095259
"650",1,0.236367566697271,3.18845091572362
"651",1,1.67629608195407,-2.28470336730427
"652",1,1.28101160069076,1.2041532840396
"653",1,-0.684041349634577,5.94506314617299
"654",1,0.835494236318896,-1.65545226948431
"655",1,-0.264328624767389,3.78744489354053
"656",1,-1.2496735343433,-1.43914461896505
"657",1,1.50589649671269,8.47170938203596
"658",1,1.62561194465444,4.84048367130862
"659",1,-0.164082373821978,1.83724547872482
"660",1,-0.822205150289323,1.20121956550363
"661",1,-0.1819844289803,-1.75463633542828
"662",1,-0.791379567118896,-2.80033017309689
"663",1,1.42651369378949,1.86324626727823
"664",1,-0.206829682561318,2.17696716785473
"665",1,-0.335205420751509,5.88415689488344
"666",1,1.05077330718694,-1.239133474758
"667",1,-0.139608914050131,1.14728533450738
"668",1,1.58417074383075,0.0202178931550079
"669",1,-0.897332315158567,-4.23522834328111
"670",1,1.42927053303495,9.39158625358781
"671",1,0.83349387387995,7.1396532692536
"672",1,0.130220377901881,-1.7264916221909
"673",1,2.20203975903618,6.87519659284382
"674",1,-0.876077570716701,-4.13515162996395
"675",1,-1.7626335186898,6.04640345114282
"676",1,0.933084192080854,-6.68283064880598
"677",1,1.18757369408248,4.09552101022877
"678",1,-0.328674021579086,5.71608627396741
"679",1,-0.240226079446417,-2.80164981553189
"680",1,-0.0732075759797664,-3.21059909235409
"681",1,1.39534574034186,11.1393649307505
"682",1,-0.323248079173327,-3.5193749565627
"683",1,0.296137546272247,-2.41467076432567
"684",1,-1.17807832203112,-4.21902204429205
"685",1,0.439246689802387,-0.128703997022785
"686",1,1.19650895232503,12.9419034327059
"687",1,-0.245363250874285,0.103603001230321
"688",1,-0.550727195083113,-2.61597285587978
"689",1,0.689594584825112,-6.43700005349049
"690",1,0.530993023240436,8.82181371435584
"691",1,-0.867972399089605,1.83340679319512
"692",1,0.0147561840727099,1.05902188127105
"693",1,0.027623310850765,-1.29182016786048
"694",1,1.02075550192109,3.43408096851972
"695",1,-0.970886030475652,0.412931158885626
"696",1,-0.0394843608379571,-5.71265464537936
"697",1,-0.151834005479471,-0.00114774366759892
"698",1,-2.06873665786904,2.6274471684489
"699",1,0.646986386447261,-4.49118905887791
"700",1,2.45210865377674,6.88506895729753
"701",1,-0.283146531030369,0.584208580488347
"702",1,0.529863270373579,-1.60208731985759
"703",1,-1.51786746259652,6.20957994050464
"704",1,-0.849725045234394,5.61546761361526
"705",1,-0.851623968382433,-4.87205710857964
"706",1,0.770530074578324,-3.71908237067429
"707",1,-0.432117942317499,-1.8717543151396
"708",1,-1.26398782532265,-5.23858052148298
"709",1,0.221878350564959,6.75900140254043
"710",1,-2.19405756778789,10.2583213481192
"711",1,-0.129547530287399,0.935074684540605
"712",1,-1.64140586876201,6.63071331391182
"713",1,-0.53470283069281,1.09274744491318
"714",1,-0.602612832177831,-1.06442979195477
"715",1,2.11994759088397,10.9514263146347
"716",1,0.131287157522202,3.57032288117688
"717",1,-0.500767274819909,-0.453136130872571
"718",1,0.599839691955421,1.80890045162143
"719",1,1.74592084137347,1.25720453320425
"720",1,-0.0838605950521411,6.53512857912668
"721",1,-0.293000676560933,2.83967437234397
"722",1,-0.61455203402663,-4.53369636170605
"723",1,0.215148616063807,0.00266873025052285
"724",1,1.23447555864969,-1.56792430486492
"725",1,-0.605885561498712,2.06281707702452
"726",1,0.00580661195712944,-1.3848898159186
"727",1,0.0711474566650447,-5.51511263733967
"728",1,1.18911894046656,2.09873378556697
"729",1,-0.206918678902535,5.07500904647942
"730",1,0.802181739970813,4.87596991275964
"731",1,-0.116480548288588,-3.12005981103878
"732",1,0.997418435907966,-0.964956826538105
"733",1,-0.22185002517319,1.33778497576469
"734",1,-1.04102837111861,-1.75527473784927
"735",1,1.68078246267553,7.68404607414671
"736",1,-0.491064750247459,3.61503071118584
"737",1,-1.59030286311606,3.10523179281891
"738",1,-0.473336938288427,7.90580369284786
"739",1,1.34268637248169,2.72913282817801
"740",1,-1.07644429143587,-0.246451987476825
"741",1,-1.31093369812583,-1.77776709067751
"742",1,1.45182240997877,8.70090014490597
"743",1,-0.00913512871359926,-1.31173050164581
"744",1,-0.142578936938457,-0.320334517748097
"745",1,-0.801650717383286,-2.76423018535797
"746",1,-0.15702827273455,-0.325312506766108
"747",1,0.638318437781119,0.6027459782017
"748",1,-1.09586355994571,-0.123719907733679
"749",1,-0.630399674728652,-1.12703948365125
"750",1,-0.563883687763923,-2.32068207017897
"751",1,-0.823185138612145,0.982687462091966
"752",1,-0.333588879246213,-5.4723166209161
"753",1,0.157627107112977,0.847579854020318
"754",1,-1.1094727504106,4.83187105546726
"755",1,0.33509078815981,1.97946078233057
"756",1,-0.76986663368298,-1.05432600104995
"757",1,0.671306196348562,0.461647009952393
"758",1,1.04757201735329,-0.0989988921088378
"759",1,0.631401624331939,0.801469257071883
"760",1,0.823544358348829,-4.46529538732046
"761",1,-0.997695919112828,-0.673303758928946
"762",1,-0.437926659153301,5.64263053788523
"763",1,0.859232625411794,-4.18090329309318
"764",1,0.996335793997565,1.24815720242723
"765",1,1.81131190878135,1.074621648729
"766",1,1.37450207860087,-5.70617249379056
"767",1,0.131982209888489,-1.78370296351553
"768",1,-0.218365204126858,-0.640292217745973
"769",1,-0.564007084476942,6.49413554776037
"770",1,0.144023888261551,0.665792312744086
"771",1,0.432844401177085,-0.176700457419958
"772",1,-0.735250382940271,9.49130052185224
"773",1,-0.24742347739149,-2.90885811110558
"774",1,-0.637292204204174,4.1936549710116
"775",1,0.0206904705856216,-2.84247199251048
"776",1,-1.04969713960174,2.11355284433715
"777",1,-0.0872513337721906,8.9043739924316
"778",1,-0.441127943659978,1.14183757140191
"779",1,-0.219758603917073,8.94730297925523
"780",1,0.189300448729811,-1.07381147934757
"781",1,-0.729140829369151,5.56553418940195
"782",1,-0.855620424268198,-5.35774363381464
"783",1,-0.457698785461594,-2.63651071123232
"784",1,0.0608796275579946,-4.77429806645201
"785",1,-2.2476593604154,14.1987654090595
"786",1,-0.0052901140010175,-0.904399761572437
"787",1,0.311921549802581,0.446166373856844
"788",1,-2.23811312189595,8.83323682970467
"789",1,0.990183796775499,5.8154986667256
"790",1,0.365761040376343,3.71554476057633
"791",1,-0.675643637629072,1.13406178323422
"792",1,1.64316971812601,-0.784969624935254
"793",1,-1.03023489974945,10.6812045825961
"794",1,2.24229788461952,1.21685462304234
"795",1,1.8504632933436,15.5521104868406
"796",1,-0.408525535992468,-7.28973461831794
"797",1,0.288427384508601,2.49819506359745
"798",1,-0.3977596171587,3.53806232011784
"799",1,0.476220075426782,4.82741899517982
"800",1,-0.84023856990949,2.1843785323921
"801",1,-0.315257100513228,2.43751212018059
"802",1,-0.430260578104977,6.19278355463056
"803",1,-0.401763734442737,-0.636435572304952
"804",1,-0.340233433246858,-1.00952256421325
"805",1,0.877836625388691,-3.55830213042209
"806",1,0.110581707002491,-5.87533213111182
"807",1,1.10248793811418,5.9722117589518
"808",1,-0.184443646041232,-5.83805200172808
"809",1,0.122378880119039,-5.16722950657238
"810",1,-1.75270675470929,-0.371014925379102
"811",1,1.03139384870062,0.771343320035167
"812",1,-0.437110369747858,-5.53542583472802
"813",1,-1.15456631431146,-6.81325167414922
"814",1,-1.2885660441342,-1.44933483972348
"815",1,-0.16416467603018,1.90425817320119
"816",1,-0.397158250426494,5.39221585614299
"817",1,0.0985901429306179,4.12428142022012
"818",1,-0.996843679162961,-2.10218378854694
"819",1,-0.197970439764943,8.12716874422305
"820",1,0.0269406559117312,7.60866784406699
"821",1,1.89458817850601,3.05178075109522
"822",1,0.411241321450323,1.80669340391243
"823",1,-1.12879465989953,5.52720479240418
"824",1,0.418689952811677,5.80545310865898
"825",1,-1.03647964100409,7.73930570399102
"826",1,0.73982441615145,-3.5059196695266
"827",1,-1.57195339139687,6.01681997340796
"828",1,0.936133485009299,3.85446020117046
"829",1,-0.0865433070151947,-2.57640350887832
"830",1,0.111171364397095,7.02370373943946
"831",1,0.980027188050426,-4.93919921155898
"832",1,1.23111899598218,-0.791858515018589
"833",1,0.551470213037491,-1.58944050800655
"834",1,-1.03292766665574,-6.19276079083346
"835",1,-0.752621420890883,7.08300762524603
"836",1,-1.23170572568544,-4.26389377826304
"837",1,0.694544407456947,3.32029056095374
"838",1,0.808245411052257,-1.04600022728208
"839",1,1.4403823681806,3.40082079721239
"840",1,1.86541323900972,3.76122134742971
"841",1,-0.391749037577585,3.6985647536665
"842",1,1.08082940639802,-7.39898480320975
"843",1,0.776860302292822,0.860390398660433
"844",1,0.615248396241392,-0.827504907722448
"845",1,-1.15791320596246,9.55103671695983
"846",1,-0.906859407052384,7.76651831399401
"847",1,-0.660803669140949,4.10751345014736
"848",1,1.49815580123318,6.89069190705943
"849",1,-0.645435206289012,-0.0890026191635891
"850",1,1.2438013234465,-1.19895711898818
"851",1,0.0946701133135231,-3.05278166823911
"852",1,0.435678430290019,-1.86364303924398
"853",1,0.326720781671586,5.02140201212873
"854",1,0.53996970113434,-0.830956842104589
"855",1,-1.43845889877771,7.22887660934416
"856",1,-0.0946938372104734,-4.09800228730395
"857",1,-0.132504805964188,3.89555517722439
"858",1,-1.01359206208404,3.83786260947396
"859",1,-1.55963265780063,4.61906105162054
"860",1,-0.40970764293963,0.166223566823314
"861",1,0.118764210777025,-7.63419171405325
"862",1,-1.55782862243112,-6.52302765613711
"863",1,-0.0298147387545088,6.29180412787749
"864",1,-1.42366625825153,-2.40963033650132
"865",1,0.521479519585943,-4.48942308148295
"866",1,-1.48998225353267,-9.07315191774186
"867",1,0.123032607516373,4.43551201358664
"868",1,-0.595667863870299,1.78107408660246
"869",1,0.529428137114854,-4.059862571631
"870",1,-1.02465914082726,-0.273405945080101
"871",1,-0.243080359858787,4.62582608926796
"872",1,-0.368163636308013,0.843228467547549
"873",1,0.236046631350107,-6.50748392918193
"874",1,0.94466265243007,-2.5307402563137
"875",1,-0.67444382644842,-6.08048761790841
"876",1,0.759817110779729,-7.09661078551096
"877",1,-0.424045833333911,-0.0612717762688871
"878",1,-1.82044669696199,11.5201909460429
"879",1,-0.907647539673835,3.77549794035497
"880",1,0.684570233785008,4.55562848190186
"881",1,-1.21065906974606,5.65429048281932
"882",1,1.73902902103962,12.9614875018254
"883",1,0.493207651623338,2.20095949797928
"884",1,-0.0708055217694094,4.74954044280982
"885",1,-0.513342457630909,2.89062605135682
"886",1,-0.565121694187507,-10.1487185171951
"887",1,-2.30435129598063,8.89669818143168
"888",1,-0.154409658039549,-6.28694501595667
"889",1,-0.460429297519857,8.31462443839771
"890",1,-0.728494093123595,-0.713456961543057
"891",1,1.06002165959126,3.73500208242372
"892",1,1.59923489245543,-5.45867154608937
"893",1,-0.0848529972389184,-3.90120830373717
"894",1,1.05822965572119,-0.0459610351798323
"895",1,0.000181768213203117,2.37181026745182
"896",1,-1.41010112341065,6.37698638665475
"897",1,-1.58184594199822,0.920810572891615
"898",1,1.12715735942639,0.615071299796983
"899",1,-0.0711595051182451,3.55222392379753
"900",1,0.677212751877798,-6.92320644134346
"901",1,0.647460484868091,2.17288911536235
"902",1,1.36239265653296,7.57850477281366
"903",1,0.958408509228523,-1.08611416872115
"904",1,-0.0277062827406255,-1.06072250201973
"905",1,-0.307610203644663,2.8852928764862
"906",1,-1.43578442041095,4.38893840988225
"907",1,-0.642701395163965,-2.48955795628772
"908",1,0.70895405458882,3.35634025313557
"909",1,0.796055338486598,5.21318426253553
"910",1,-0.239176469680533,-3.47772987312721
"911",1,-0.340135051387596,2.52833216374778
"912",1,-1.7836021396355,2.47484456609907
"913",1,-1.90234651664179,7.30005990281242
"914",1,-0.553631120956932,-0.426016125898693
"915",1,-0.708948683563331,-1.32787326035985
"916",1,0.803102523328458,9.98612472825441
"917",1,-0.776518625415969,2.89589185585835
"918",1,0.135386661925455,10.0732295735503
"919",1,0.88130177244344,-1.17646582391604
"920",1,-0.325505716212414,0.189197939721344
"921",1,-0.697470671315923,-7.05442162065059
"922",1,0.266372577560423,-3.72673916919922
"923",1,-0.70574711174621,9.43142825265313
"924",1,0.344857134785211,2.85902471659717
"925",1,0.917165689480957,6.35036005794833
"926",1,0.46173859750179,-1.5240810249591
"927",1,-0.494553823199566,5.8684801460289
"928",1,0.134395880090918,0.764217817911474
"929",1,-0.275336452215801,6.56150907139986
"930",1,-0.987098607865351,-4.97949165256246
"931",1,-0.490151355353719,-2.33970707819651
"932",1,0.349493690469358,1.83021393695838
"933",1,-0.516880825475697,2.66404308843653
"934",1,-0.155372042721208,-7.04168270205411
"935",1,-0.118515838054907,6.40439910138099
"936",1,0.511795260923381,2.76989478661835
"937",1,0.389658962349453,3.0511064782482
"938",1,0.735849192465769,3.54337479084217
"939",1,-0.60238825632618,-6.99211034695808
"940",1,0.210092733117945,-7.05483536510135
"941",1,-0.904976226713455,-0.0477502368498151
"942",1,0.037448443338301,2.36491286912914
"943",1,-0.627882551732798,0.880226346322864
"944",1,-0.705656475149747,2.68823912112079
"945",1,0.0307855382566075,-0.86466923907317
"946",1,1.04390754692914,-0.263563385883634
"947",1,-0.723455000840136,-2.34667727819166
"948",1,0.349377101309018,-2.96485011979708
"949",1,-0.757686073644415,-2.57843242403034
"950",1,1.518711614648,-1.01775183470638
"951",1,-0.41483505402323,-3.2426886208864
"952",1,1.25951763243095,-0.0900243275738342
"953",1,1.32410891530483,7.34010861571445
"954",1,0.741351618039953,3.08094540813223
"955",1,0.96684394293443,-1.22206055064695
"956",1,-0.882334268936301,4.13082786521446
"957",1,1.34183298329515,12.9034496172281
"958",1,-0.544321983644675,0.397443845111978
"959",1,0.56706337622859,0.575708000128824
"960",1,0.337246723521186,-6.05868534251408
"961",1,0.31674224915577,3.17885909491406
"962",1,0.425096873665191,1.87896094406756
"963",1,-0.331205438608588,1.23058783027376
"964",1,1.31567964570724,6.84963845449475
"965",1,-0.996857110942299,2.83522203984668
"966",1,0.335310014630659,6.54902373549352
"967",1,-1.07894732632626,-3.207436208701
"968",1,-0.909280600459291,6.14990466071842
"969",1,-0.119449542790033,-2.65981644657351
"970",1,0.794461932504327,6.84897478458602
"971",1,-0.484504179519735,0.0344093038848353
"972",1,-0.656114882389252,-4.00180578623627
"973",1,-0.544681380588552,2.56122545774555
"974",1,1.07531884255135,-6.24559693088066
"975",1,-0.255230279374246,-3.93561372999305
"976",1,-2.90576606093907,7.51448804796758
"977",1,-0.278323819691242,-6.86911273273994
"978",1,0.20512875759362,8.89048599909159
"979",1,-1.0241074754771,1.94756930400029
"980",1,-0.636348439874142,4.33104378410129
"981",1,0.211335054953442,0.977866527308508
"982",1,-0.337433194493716,-5.85338353530703
"983",1,-0.0592206345811036,-2.19974502289673
"984",1,0.719306715264918,2.48953238702299
"985",1,-1.28126465831769,3.00945314868067
"986",1,0.711068809356672,-4.28540505068047
"987",1,0.124982168286467,-7.93269143574796
"988",1,-1.93285273109562,0.176687904222401
"989",1,-0.108552531250795,-1.50096198647025
"990",1,-0.436163543336798,-7.15230810758769
"991",1,-0.20203808415252,-2.34741817707654
"992",1,0.422081950821214,4.44692849033579
"993",1,1.00596884801255,-0.44736522527151
"994",1,-0.813373844546537,-2.23453587140689
"995",1,-0.697425033409447,-3.28897889396203
"996",1,-0.613420310561521,0.0430217709103052
"997",1,0.518272761495229,0.602171302711841
"998",1,0.970465196030992,4.4441087082457
"999",1,-0.341208787767165,-0.79663119143375
"1000",1,-0.594920817805632,1.01843158756285
